INSERT INTO public.tweets (id, created_at, created_by, updated_at, updated_by, body, tweet_type, parent_tweet, user_id)
VALUES (3, '2023-05-30 18:45:31.138204', null, '2023-05-30 18:45:31.138204', null, 'first tweet with some text', 'TWEET', null, 1);

INSERT INTO public.tweets (id, created_at, created_by, updated_at, updated_by, body, tweet_type, parent_tweet, user_id)
VALUES (4, '2023-05-30 18:45:31.392204', null, '2023-05-30 18:45:31.392204', null, 'Second tweet for sample1', 'TWEET', null, 1);

INSERT INTO public.tweets (id, created_at, created_by, updated_at, updated_by, body, tweet_type, parent_tweet, user_id)
VALUES (5, '2023-05-30 18:45:31.537203', null, '2023-05-30 18:45:31.537203', null, 'Third tweet for sample1', 'TWEET', null, 1);

INSERT INTO public.tweets (id, created_at, created_by, updated_at, updated_by, body, tweet_type, parent_tweet, user_id)
VALUES (6, '2023-05-30 18:45:31.717325', null, '2023-05-30 18:45:31.717325', null, 'Fourth tweet for sample1', 'TWEET', null, 1);

INSERT INTO public.tweets (id, created_at, created_by, updated_at, updated_by, body, tweet_type, parent_tweet, user_id)
VALUES (7, '2023-05-30 18:45:31.957149', null, '2023-05-30 18:45:31.957149', null, 'Fifth tweet for sample1', 'TWEET', null, 1);

INSERT INTO public.tweets (id, created_at, created_by, updated_at, updated_by, body, tweet_type, parent_tweet, user_id)
VALUES (8, '2023-05-30 18:45:32.138777', null, '2023-05-30 18:45:32.138777', null, 'Sixth tweet for sample1', 'TWEET', null, 1);

INSERT INTO public.tweets (id, created_at, created_by, updated_at, updated_by, body, tweet_type, parent_tweet, user_id)
VALUES (9, '2023-05-30 18:45:32.363538', null, '2023-05-30 18:45:32.363538', null, 'Seventh tweet for sample1', 'TWEET', null, 1);

INSERT INTO public.tweets (id, created_at, created_by, updated_at, updated_by, body, tweet_type, parent_tweet, user_id)
VALUES (10, '2023-05-30 18:45:32.608534', null, '2023-05-30 18:45:32.608534', null, 'First tweet for sample2', 'TWEET', null, 2);

INSERT INTO public.tweets (id, created_at, created_by, updated_at, updated_by, body, tweet_type, parent_tweet, user_id)
VALUES (11, '2023-05-30 18:45:32.880577', null, '2023-05-30 18:45:32.880577', null, 'Second tweet for sample2', 'TWEET', null, 2);

INSERT INTO public.tweets (id, created_at, created_by, updated_at, updated_by, body, tweet_type, parent_tweet, user_id)
VALUES (12, '2023-05-30 18:45:33.198836', null, '2023-05-30 18:45:33.198836', null, 'Third tweet for sample2', 'TWEET', null, 2);

INSERT INTO public.tweets (id, created_at, created_by, updated_at, updated_by, body, tweet_type, parent_tweet, user_id)
VALUES (13, '2023-05-30 18:45:33.485369', null, '2023-05-30 18:45:33.485369', null, 'Fourth tweet for sample2', 'TWEET', null, 2);

INSERT INTO public.tweets (id, created_at, created_by, updated_at, updated_by, body, tweet_type, parent_tweet, user_id)
VALUES (14, '2023-05-30 18:45:33.760847', null, '2023-05-30 18:45:33.760847', null, 'Fifth tweet for sample2', 'TWEET', null, 2);

INSERT INTO public.tweets (id, created_at, created_by, updated_at, updated_by, body, tweet_type, parent_tweet, user_id)
VALUES (15, '2023-05-30 18:45:33.988499', null, '2023-05-30 18:45:33.988499', null, 'Sixth tweet for sample2', 'TWEET', null, 2);

INSERT INTO public.tweets (id, created_at, created_by, updated_at, updated_by, body, tweet_type, parent_tweet, user_id)
VALUES (16, '2023-05-30 18:45:34.300531', null, '2023-05-30 18:45:34.300531', null, 'Seventh tweet for sample2', 'TWEET', null, 2);

INSERT INTO public.tweets (id, created_at, created_by, updated_at, updated_by, body, tweet_type, parent_tweet, user_id)
VALUES (17, '2023-05-30 18:45:34.529247', null, '2023-05-30 18:45:34.529247', null, 'First tweet for sample3', 'TWEET', null, 2);

INSERT INTO public.tweets (id, created_at, created_by, updated_at, updated_by, body, tweet_type, parent_tweet, user_id)
VALUES (18, '2023-05-30 18:45:34.785908', null, '2023-05-30 18:45:34.785908', null, 'Second tweet for sample3', 'TWEET', null, 2);

INSERT INTO public.tweets (id, created_at, created_by, updated_at, updated_by, body, tweet_type, parent_tweet, user_id)
VALUES (19, '2023-05-30 18:45:35.065689', null, '2023-05-30 18:45:35.065689', null, 'First tweet for sample4', 'TWEET', null, 3);

INSERT INTO public.tweets (id, created_at, created_by, updated_at, updated_by, body, tweet_type, parent_tweet, user_id)
VALUES (20, '2023-05-30 18:45:35.344603', null, '2023-05-30 18:45:35.344603', null, 'Second tweet for sample4', 'TWEET', null, 3);

INSERT INTO public.tweets (id, created_at, created_by, updated_at, updated_by, body, tweet_type, parent_tweet, user_id)
VALUES (21, '2023-05-30 18:45:35.734986', null, '2023-05-30 18:45:35.734986', null, 'Example tweet for sample4', 'TWEET', null, 4);

INSERT INTO public.tweets (id, created_at, created_by, updated_at, updated_by, body, tweet_type, parent_tweet, user_id)
VALUES (22, '2023-05-30 18:45:35.932016', null, '2023-05-30 18:45:35.932016', null, 'Example some tweet for sample4', 'TWEET', null, 4);

INSERT INTO public.tweets (id, created_at, created_by, updated_at, updated_by, body, tweet_type, parent_tweet, user_id)
VALUES (23, '2023-05-30 18:45:36.126192', null, '2023-05-30 18:45:36.126192', null, 'First tweet for sample5', 'TWEET', null, 5);

INSERT INTO public.tweets (id, created_at, created_by, updated_at, updated_by, body, tweet_type, parent_tweet, user_id)
VALUES (24, '2023-05-30 18:45:36.356653', null, '2023-05-30 18:45:36.356653', null, 'Second tweet for sample5', 'TWEET', null, 5);

INSERT INTO public.tweets (id, created_at, created_by, updated_at, updated_by, body, tweet_type, parent_tweet, user_id)
VALUES (25, '2023-05-30 18:45:36.628961', null, '2023-05-30 18:45:36.628961', null, 'Third tweet for sample5', 'TWEET', null, 5);

INSERT INTO public.tweets (id, created_at, created_by, updated_at, updated_by, body, tweet_type, parent_tweet, user_id)
VALUES (26, '2023-05-30 18:45:36.969894', null, '2023-05-30 18:45:36.969894', null, 'Fourth tweet for sample5', 'TWEET', null, 5);

INSERT INTO public.tweets (id, created_at, created_by, updated_at, updated_by, body, tweet_type, parent_tweet, user_id)
VALUES (27, '2023-05-30 18:45:37.196665', null, '2023-05-30 18:45:37.196665', null, 'Fifth tweet for sample5', 'TWEET', null, 5);

INSERT INTO public.tweets (id, created_at, created_by, updated_at, updated_by, body, tweet_type, parent_tweet, user_id)
VALUES (28, '2023-05-30 18:45:37.422815', null, '2023-05-30 18:45:37.422815', null, 'Sixth tweet for sample5', 'TWEET', null, 5);

INSERT INTO public.tweets (id, created_at, created_by, updated_at, updated_by, body, tweet_type, parent_tweet, user_id)
VALUES (29, '2023-05-30 18:45:37.645847', null, '2023-05-30 18:45:37.645847', null, 'Seventh tweet for sample5', 'TWEET', null, 5);

INSERT INTO public.attachment_images (id, created_at, created_by, updated_at, updated_by, img_url, tweet_id)
VALUES (1, '2023-05-30 18:45:31.245205', null, '2023-05-30 18:45:31.245205', null, 'https://telegraf.com.ua/static/storage/thumbs/1044x587/1/62/86daad98-939aa3eb076510417e7e31a1a9026621.webp', 3);

INSERT INTO public.attachment_images (id, created_at, created_by, updated_at, updated_by, img_url, tweet_id)
VALUES (2, '2023-05-30 18:45:31.442202', null, '2023-05-30 18:45:31.442202', null, 'https://images.unian.net/photos/2022_05/1652013870-1213.jpg', 4);

INSERT INTO public.attachment_images (id, created_at, created_by, updated_at, updated_by, img_url, tweet_id)
VALUES (3, '2023-05-30 18:45:31.595203', null, '2023-05-30 18:45:31.595203', null, 'https://images.unian.net/photos/2022_06/1656498354-6918.jpg', 5);

INSERT INTO public.attachment_images (id, created_at, created_by, updated_at, updated_by, img_url, tweet_id)
VALUES (4, '2023-05-30 18:45:31.786753', null, '2023-05-30 18:45:31.786753', null, 'https://images.unian.net/photos/2022_06/1656498356-7655.jpg', 6);

INSERT INTO public.attachment_images (id, created_at, created_by, updated_at, updated_by, img_url, tweet_id)
VALUES (5, '2023-05-30 18:45:31.843434', null, '2023-05-30 18:45:31.843434', null, 'https://images.unian.net/photos/2022_06/1656496720-6469.jpg', 6);

INSERT INTO public.attachment_images (id, created_at, created_by, updated_at, updated_by, img_url, tweet_id)
VALUES (6, '2023-05-30 18:45:32.003678', null, '2023-05-30 18:45:32.003678', null, 'https://images.unian.net/photos/2022_06/1656498357-9174.jpg', 7);

INSERT INTO public.attachment_images (id, created_at, created_by, updated_at, updated_by, img_url, tweet_id)
VALUES (7, '2023-05-30 18:45:32.226818', null, '2023-05-30 18:45:32.226818', null, 'https://images.unian.net/photos/2022_06/1656498358-8955.jpg', 8);

INSERT INTO public.attachment_images (id, created_at, created_by, updated_at, updated_by, img_url, tweet_id)
VALUES (8, '2023-05-30 18:45:32.454620', null, '2023-05-30 18:45:32.454620', null, 'https://images.unian.net/photos/2022_06/1656498359-4116.jpeg', 9);

INSERT INTO public.attachment_images (id, created_at, created_by, updated_at, updated_by, img_url, tweet_id)
VALUES (9, '2023-05-30 18:45:32.733319', null, '2023-05-30 18:45:32.733319', null, 'https://images.unian.net/photos/2022_06/1656498361-1772.jpg', 10);

INSERT INTO public.attachment_images (id, created_at, created_by, updated_at, updated_by, img_url, tweet_id)
VALUES (10, '2023-05-30 18:45:32.974837', null, '2023-05-30 18:45:32.974837', null, 'https://images.unian.net/photos/2022_06/1656498362-4940.jpg', 11);

INSERT INTO public.attachment_images (id, created_at, created_by, updated_at, updated_by, img_url, tweet_id)
VALUES (11, '2023-05-30 18:45:33.063061', null, '2023-05-30 18:45:33.063061', null, 'https://images.unian.net/photos/2022_06/1656498361-1772.jpg', 10);

INSERT INTO public.attachment_images (id, created_at, created_by, updated_at, updated_by, img_url, tweet_id)
VALUES (12, '2023-05-30 18:45:33.287101', null, '2023-05-30 18:45:33.287101', null, 'https://images.unian.net/photos/2022_06/1656498363-1526.jpg', 12);

INSERT INTO public.attachment_images (id, created_at, created_by, updated_at, updated_by, img_url, tweet_id)
VALUES (13, '2023-05-30 18:45:33.620557', null, '2023-05-30 18:45:33.620557', null, 'https://images.unian.net/photos/2022_06/1656498364-2927.jpg', 13);

INSERT INTO public.attachment_images (id, created_at, created_by, updated_at, updated_by, img_url, tweet_id)
VALUES (14, '2023-05-30 18:45:33.849317', null, '2023-05-30 18:45:33.849317', null, 'https://images.unian.net/photos/2022_06/1656498365-9664.jpg', 14);

INSERT INTO public.attachment_images (id, created_at, created_by, updated_at, updated_by, img_url, tweet_id)
VALUES (15, '2023-05-30 18:45:34.077472', null, '2023-05-30 18:45:34.077472', null, 'https://images.unian.net/photos/2022_06/1656497311-2625.jpg', 15);

INSERT INTO public.attachment_images (id, created_at, created_by, updated_at, updated_by, img_url, tweet_id)
VALUES (16, '2023-05-30 18:45:34.164996', null, '2023-05-30 18:45:34.164996', null, 'https://images.unian.net/photos/2022_06/1656496721-2719.jpg', 15);

INSERT INTO public.attachment_images (id, created_at, created_by, updated_at, updated_by, img_url, tweet_id)
VALUES (17, '2023-05-30 18:45:34.391339', null, '2023-05-30 18:45:34.391339', null, 'https://images.unian.net/photos/2022_06/1656497311-5608.jpg', 16);

INSERT INTO public.attachment_images (id, created_at, created_by, updated_at, updated_by, img_url, tweet_id)
VALUES (18, '2023-05-30 18:45:34.618560', null, '2023-05-30 18:45:34.618560', null, 'https://images.unian.net/photos/2022_06/1656497312-3436.jpg', 17);

INSERT INTO public.attachment_images (id, created_at, created_by, updated_at, updated_by, img_url, tweet_id)
VALUES (19, '2023-05-30 18:45:34.904625', null, '2023-05-30 18:45:34.904625', null, 'https://images.unian.net/photos/2022_06/1656497313-7631.jpg ', 18);

INSERT INTO public.attachment_images (id, created_at, created_by, updated_at, updated_by, img_url, tweet_id)
VALUES (20, '2023-05-30 18:45:35.192059', null, '2023-05-30 18:45:35.192059', null, 'https://images.unian.net/photos/2022_06/1656497314-5114.jpg', 19);

INSERT INTO public.attachment_images (id, created_at, created_by, updated_at, updated_by, img_url, tweet_id)
VALUES (21, '2023-05-30 18:45:35.459015', null, '2023-05-30 18:45:35.459015', null, 'https://images.unian.net/photos/2022_06/1656497315-9664.jpg', 20);

INSERT INTO public.attachment_images (id, created_at, created_by, updated_at, updated_by, img_url, tweet_id)
VALUES (22, '2023-05-30 18:45:35.547256', null, '2023-05-30 18:45:35.547256', null, 'https://images.unian.net/photos/2022_06/1656497134-7822.jpg', 20);

INSERT INTO public.attachment_images (id, created_at, created_by, updated_at, updated_by, img_url, tweet_id)
VALUES (23, '2023-05-30 18:45:36.216520', null, '2023-05-30 18:45:36.216520', null, 'https://images.unian.net/photos/2021_08/1629469199-3761.jpg', 23);

INSERT INTO public.attachment_images (id, created_at, created_by, updated_at, updated_by, img_url, tweet_id)
VALUES (24, '2023-05-30 18:45:36.445838', null, '2023-05-30 18:45:36.445838', null, 'https://images.unian.net/photos/2021_08/1629471815-9795.jpg', 24);

INSERT INTO public.attachment_images (id, created_at, created_by, updated_at, updated_by, img_url, tweet_id)
VALUES (25, '2023-05-30 18:45:36.801664', null, '2023-05-30 18:45:36.801664', null, 'https://images.unian.net/photos/2020_11/1605089297-6848.jpg', 25);

INSERT INTO public.attachment_images (id, created_at, created_by, updated_at, updated_by, img_url, tweet_id)
VALUES (26, '2023-05-30 18:45:37.060674', null, '2023-05-30 18:45:37.060674', null, 'https://images.unian.net/photos/2022_06/1656496716-2254.jpg', 26);

INSERT INTO public.attachment_images (id, created_at, created_by, updated_at, updated_by, img_url, tweet_id)
VALUES (27, '2023-05-30 18:45:37.286602', null, '2023-05-30 18:45:37.286602', null, 'https://images.unian.net/photos/2022_06/1656496717-1624.jpg', 27);

INSERT INTO public.attachment_images (id, created_at, created_by, updated_at, updated_by, img_url, tweet_id)
VALUES (28, '2023-05-30 18:45:37.511120', null, '2023-05-30 18:45:37.511120', null, 'https://images.unian.net/photos/2022_06/1656496718-3408.jpg', 28);

INSERT INTO public.attachment_images (id, created_at, created_by, updated_at, updated_by, img_url, tweet_id)
VALUES (29, '2023-05-30 18:45:37.734106', null, '2023-05-30 18:45:37.734106', null, 'https://images.unian.net/photos/2022_06/1656496719-6416.jpg', 29);

INSERT INTO public.tweet_actions (id, created_at, created_by, updated_at, updated_by, action_type, tweet_id, user_id)
VALUES (1, '2023-05-30 18:45:37.874406', null, '2023-05-30 18:45:37.874406', null, 'LIKE', 3, 2);

INSERT INTO public.tweet_actions (id, created_at, created_by, updated_at, updated_by, action_type, tweet_id, user_id)
VALUES (2, '2023-05-30 18:45:37.975519', null, '2023-05-30 18:45:37.975519', null, 'LIKE', 4, 2);

INSERT INTO public.tweet_actions (id, created_at, created_by, updated_at, updated_by, action_type, tweet_id, user_id)
VALUES (3, '2023-05-30 18:45:38.108611', null, '2023-05-30 18:45:38.108611', null, 'LIKE', 5, 2);

INSERT INTO public.tweet_actions (id, created_at, created_by, updated_at, updated_by, action_type, tweet_id, user_id)
VALUES (4, '2023-05-30 18:45:38.209233', null, '2023-05-30 18:45:38.209233', null, 'LIKE', 3, 3);

INSERT INTO public.tweet_actions (id, created_at, created_by, updated_at, updated_by, action_type, tweet_id, user_id)
VALUES (5, '2023-05-30 18:45:38.304021', null, '2023-05-30 18:45:38.304021', null, 'LIKE', 4, 3);

INSERT INTO public.tweet_actions (id, created_at, created_by, updated_at, updated_by, action_type, tweet_id, user_id)
VALUES (6, '2023-05-30 18:45:38.399350', null, '2023-05-30 18:45:38.399350', null, 'LIKE', 5, 3);

INSERT INTO public.tweet_actions (id, created_at, created_by, updated_at, updated_by, action_type, tweet_id, user_id)
VALUES (7, '2023-05-30 18:45:38.534652', null, '2023-05-30 18:45:38.534652', null, 'LIKE', 9, 2);

INSERT INTO public.tweet_actions (id, created_at, created_by, updated_at, updated_by, action_type, tweet_id, user_id)
VALUES (8, '2023-05-30 18:45:38.671466', null, '2023-05-30 18:45:38.671466', null, 'LIKE', 9, 3);

INSERT INTO public.tweet_actions (id, created_at, created_by, updated_at, updated_by, action_type, tweet_id, user_id)
VALUES (9, '2023-05-30 18:45:38.807081', null, '2023-05-30 18:45:38.807081', null, 'LIKE', 9, 4);

INSERT INTO public.tweet_actions (id, created_at, created_by, updated_at, updated_by, action_type, tweet_id, user_id)
VALUES (10, '2023-05-30 18:45:38.963193', null, '2023-05-30 18:45:38.963193', null, 'LIKE', 12, 2);

INSERT INTO public.tweet_actions (id, created_at, created_by, updated_at, updated_by, action_type, tweet_id, user_id)
VALUES (11, '2023-05-30 18:45:39.106848', null, '2023-05-30 18:45:39.106848', null, 'LIKE', 13, 3);

INSERT INTO public.tweet_actions (id, created_at, created_by, updated_at, updated_by, action_type, tweet_id, user_id)
VALUES (12, '2023-05-30 18:45:39.240436', null, '2023-05-30 18:45:39.240436', null, 'LIKE', 14, 4);

INSERT INTO public.tweet_actions (id, created_at, created_by, updated_at, updated_by, action_type, tweet_id, user_id)
VALUES (13, '2023-05-30 18:45:39.375714', null, '2023-05-30 18:45:39.375714', null, 'LIKE', 15, 5);

INSERT INTO public.tweet_actions (id, created_at, created_by, updated_at, updated_by, action_type, tweet_id, user_id)
VALUES (14, '2023-05-30 18:45:39.510908', null, '2023-05-30 18:45:39.510908', null, 'LIKE', 16, 6);

INSERT INTO public.tweet_actions (id, created_at, created_by, updated_at, updated_by, action_type, tweet_id, user_id)
VALUES (15, '2023-05-30 18:45:39.645318', null, '2023-05-30 18:45:39.645318', null, 'LIKE', 17, 2);

INSERT INTO public.tweet_actions (id, created_at, created_by, updated_at, updated_by, action_type, tweet_id, user_id)
VALUES (16, '2023-05-30 18:45:39.782866', null, '2023-05-30 18:45:39.782866', null, 'LIKE', 18, 3);

INSERT INTO public.tweet_actions (id, created_at, created_by, updated_at, updated_by, action_type, tweet_id, user_id)
VALUES (17, '2023-05-30 18:45:39.949213', null, '2023-05-30 18:45:39.949213', null, 'LIKE', 19, 4);

INSERT INTO public.tweet_actions (id, created_at, created_by, updated_at, updated_by, action_type, tweet_id, user_id)
VALUES (18, '2023-05-30 18:45:40.086168', null, '2023-05-30 18:45:40.086168', null, 'LIKE', 20, 5);

INSERT INTO public.tweet_actions (id, created_at, created_by, updated_at, updated_by, action_type, tweet_id, user_id)
VALUES (19, '2023-05-30 18:45:40.220538', null, '2023-05-30 18:45:40.220538', null, 'LIKE', 21, 6);

INSERT INTO public.tweet_actions (id, created_at, created_by, updated_at, updated_by, action_type, tweet_id, user_id)
VALUES (20, '2023-05-30 18:45:40.355691', null, '2023-05-30 18:45:40.355691', null, 'LIKE', 22, 2);

INSERT INTO public.tweet_actions (id, created_at, created_by, updated_at, updated_by, action_type, tweet_id, user_id)
VALUES (21, '2023-05-30 18:45:40.494714', null, '2023-05-30 18:45:40.494714', null, 'LIKE', 23, 3);

INSERT INTO public.tweet_actions (id, created_at, created_by, updated_at, updated_by, action_type, tweet_id, user_id)
VALUES (22, '2023-05-30 18:45:40.629989', null, '2023-05-30 18:45:40.629989', null, 'LIKE', 24, 4);

INSERT INTO public.tweet_actions (id, created_at, created_by, updated_at, updated_by, action_type, tweet_id, user_id)
VALUES (23, '2023-05-30 18:45:40.774380', null, '2023-05-30 18:45:40.774380', null, 'LIKE', 25, 5);

INSERT INTO public.tweet_actions (id, created_at, created_by, updated_at, updated_by, action_type, tweet_id, user_id)
VALUES (24, '2023-05-30 18:45:40.911569', null, '2023-05-30 18:45:40.911569', null, 'LIKE', 26, 6);

INSERT INTO public.tweet_actions (id, created_at, created_by, updated_at, updated_by, action_type, tweet_id, user_id)
VALUES (25, '2023-05-30 18:45:41.046938', null, '2023-05-30 18:45:41.046938', null, 'LIKE', 27, 2);

INSERT INTO public.tweet_actions (id, created_at, created_by, updated_at, updated_by, action_type, tweet_id, user_id)
VALUES (26, '2023-05-30 18:45:41.183532', null, '2023-05-30 18:45:41.183532', null, 'LIKE', 28, 3);

INSERT INTO public.tweet_actions (id, created_at, created_by, updated_at, updated_by, action_type, tweet_id, user_id)
VALUES (27, '2023-05-30 18:45:41.323714', null, '2023-05-30 18:45:41.323714', null, 'LIKE', 29, 4);

INSERT INTO public.tweet_actions (id, created_at, created_by, updated_at, updated_by, action_type, tweet_id, user_id)
VALUES (28, '2023-05-30 18:45:41.465594', null, '2023-05-30 18:45:41.465594', null, 'LIKE', 25, 2);

INSERT INTO public.tweet_actions (id, created_at, created_by, updated_at, updated_by, action_type, tweet_id, user_id)
VALUES (29, '2023-05-30 18:45:41.601703', null, '2023-05-30 18:45:41.601703', null, 'LIKE', 26, 3);

INSERT INTO public.tweet_actions (id, created_at, created_by, updated_at, updated_by, action_type, tweet_id, user_id)
VALUES (30, '2023-05-30 18:45:41.737991', null, '2023-05-30 18:45:41.737991', null, 'LIKE', 27, 4);